{"episode_rewards": [149.06291586983048, 149.58142443506736, 149.22337032545576, 148.90548944653807, 148.97991168425145, 148.34726441530037, 149.43373359819017, 149.2597817014679, 148.74325442166432, 149.81179764449556, 149.0396798154435, 148.8868566885462, 148.71670102736255, 149.12272757187318, 148.8050448543986, 149.18248572290972, 148.00269666569315, 150.20744691023634, 148.93632971567257, 149.21621582945428, 148.5419506859051, 149.0072256504703, 148.98770471497141, 149.46097481421526, 148.66132946897085, 149.08552069009994, -1.0, 149.42730149938453, 149.58758952173636, 148.85770274284317, 148.8827371142101, 148.86156221680707, 148.78197754064308, 149.4456170722726, 149.05879256816976, 148.96790809680024, 148.46164757505056, 149.3392343978318, 148.28814697347775, 149.63212384419305, 149.0333633660609, 149.0276967658737, 149.86354656927313, 148.45366092296646, 149.77600435600468, 148.9935511224566, 148.87453959057473, 148.97355878818865, 148.8878999619445, -1.0, 149.55529371881576, 149.44417756897198, 149.31859621758142, 149.43484247368522, 149.64287298364928, -1.0, 148.99360449201936, 148.430462080378, 148.99879674071687, 149.4069666525575, 148.81563249285705, 149.6390155602336, 149.35947862434216, 148.94055301746286, -1.0, 148.39409922339718, 148.82845446831132, -1.0, 148.91704748069148, 149.32758388458464, 148.0439599707942, 148.96384770316436, 148.70497485025842, 149.24611998475046, 149.27269014560235, 149.8804484213456, 11.246628787878787, 148.92321389104995, 149.44631559267788, 148.6868668761241, 149.31113460529272, 149.07800103286687, 149.17228020874447, 11.320719696969697, 149.12414359340738, 148.8958146830134, 148.77382129906803, 149.50681480330596, 150.01426381685192, 148.73777053754617], "episode_lengths": [590, 528, 582, 606, 598, 652, 544, 560, 612, 518, 598, 600, 622, 590, 608, 562, 684, 480, 590, 572, 634, 582, 596, 568, 626, 586, 1, 554, 534, 598, 604, 606, 610, 540, 582, 578, 634, 556, 656, 518, 588, 586, 516, 650, 518, 586, 604, 598, 594, 1, 538, 548, 548, 546, 532, 1, 592, 636, 592, 550, 610, 526, 560, 602, 1, 636, 614, 1, 598, 570, 684, 590, 614, 572, 566, 520, 67, 604, 546, 614, 560, 586, 570, 59, 580, 606, 598, 546, 490, 612], "pod_collection_rates": [0.0, 0.0, 0.0, 0.0, 0.0, 0.0, 0.0, 0.0, 0.0, 0.0, 0.0, 0.0, 0.0, 0.0, 0.0, 0.0, 0.0, 0.0, 0.0, 0.0, 0.0, 0.0, 0.0, 0.0, 0.0, 0.0, 0.0, 0.0, 0.0, 0.0, 0.0, 0.0, 0.0, 0.0, 0.0, 0.0, 0.0, 0.0, 0.0, 0.0, 0.0, 0.0, 0.0, 0.0, 0.0, 0.0, 0.0, 0.0, 0.0, 0.0, 0.0, 0.0, 0.0, 0.0, 0.0, 0.0, 0.0, 0.0, 0.0, 0.0, 0.0, 0.0, 0.0, 0.0, 0.0, 0.0, 0.0, 0.0, 0.0, 0.0, 0.0, 0.0, 0.0, 0.0, 0.0, 0.0, 0.027777777777777776, 0.0, 0.0, 0.0, 0.0, 0.0, 0.0, 0.05555555555555555, 0.0, 0.0, 0.0, 0.0, 0.0, 0.0], "delivery_rates": [1.0, 1.0, 1.0, 1.0, 1.0, 1.0, 1.0, 1.0, 1.0, 1.0, 1.0, 1.0, 1.0, 1.0, 1.0, 1.0, 1.0, 1.0, 1.0, 1.0, 1.0, 1.0, 1.0, 1.0, 1.0, 1.0, 0.0, 1.0, 1.0, 1.0, 1.0, 1.0, 1.0, 1.0, 1.0, 1.0, 1.0, 1.0, 1.0, 1.0, 1.0, 1.0, 1.0, 1.0, 1.0, 1.0, 1.0, 1.0, 1.0, 0.0, 1.0, 1.0, 1.0, 1.0, 1.0, 0.0, 1.0, 1.0, 1.0, 1.0, 1.0, 1.0, 1.0, 1.0, 0.0, 1.0, 1.0, 0.0, 1.0, 1.0, 1.0, 1.0, 1.0, 1.0, 1.0, 1.0, 0.08333333333333333, 1.0, 1.0, 1.0, 1.0, 1.0, 1.0, 0.08333333333333333, 1.0, 1.0, 1.0, 1.0, 1.0, 1.0], "best_metrics": {"collection_rate": 0.004166666666666667, "delivery_rate": 0.9083333333333332, "reward": 135.31749152503562, "episode": 89, "total_train_steps": 48485, "episode_step_counts": [590, 528, 582, 606, 598, 652, 544, 560, 612, 518, 598, 600, 622, 590, 608, 562, 684, 480, 590, 572, 634, 582, 596, 568, 626, 586, 1, 554, 534, 598, 604, 606, 610, 540, 582, 578, 634, 556, 656, 518, 588, 586, 516, 650, 518, 586, 604, 598, 594, 1, 538, 548, 548, 546, 532, 1, 592, 636, 592, 550, 610, 526, 560, 602, 1, 636, 614, 1, 598, 570, 684, 590, 614, 572, 566, 520, 67, 604, 546, 614, 560, 586, 570, 59, 580, 606, 598, 546, 490, 612]}, "timestamp": "20250622_223825"}